{
  "train_loss": [
    1.6075875250769576,
    1.514932944068014,
    1.5045208112517399,
    1.497801773075356,
    1.4936458863683346,
    1.4903350084829432,
    1.4871438515465905,
    1.4849416480135562,
    1.4829118533937662,
    1.4810826041296856
  ],
  "train_acc": [
    81.11833333333334,
    92.31166666666667,
    93.73666666666666,
    94.61,
    95.27,
    95.75333333333333,
    96.255,
    96.53833333333333,
    96.85833333333333,
    97.125
  ],
  "test_acc": [
    90.89,
    93.06,
    93.72,
    94.33,
    94.49,
    95.13,
    95.33,
    95.43,
    95.64,
    95.96
  ]
}