{
  "train_loss": [
    1.6686475104474008,
    1.5229047156394797,
    1.5114994495473009,
    1.504424399517952,
    1.4995233616930372,
    1.495869859228743,
    1.4925865254503616,
    1.4902865861324555,
    1.4881602825002467,
    1.486149283672901,
    1.4848711211630639,
    1.4832501695511189,
    1.4821236711867312,
    1.4809066483315,
    1.4798373151332773,
    1.4790415058744715,
    1.4784387806628614,
    1.4776349696707218,
    1.4770057683295392,
    1.4763945158491742,
    1.4758481918497288,
    1.475311044429211,
    1.4749539497050834,
    1.4744786850949552,
    1.4741792957833473,
    1.4737641070751433,
    1.4733905543672277,
    1.4730015972827344,
    1.4727332678247005,
    1.472493549610706,
    1.4722875590020037,
    1.4721975864248074,
    1.471938468040304,
    1.4716959253270576,
    1.4715152801351343,
    1.471292065052276,
    1.4711591573471718,
    1.471023024903967,
    1.470909184597908,
    1.4706944729419464,
    1.470558901543313,
    1.470455987910007,
    1.4702976556534464,
    1.470203615756745,
    1.4701156093719159,
    1.469883114226321,
    1.4698101490101916,
    1.4696532665415014,
    1.4695400116291453,
    1.4694401984519148,
    1.469311788234305,
    1.469189190864563,
    1.4690758233374737,
    1.4689894011680116,
    1.4689361181664975,
    1.4688417328164933,
    1.4686948502317387,
    1.4686495527308039,
    1.4685092200624181,
    1.468418145687022,
    1.4684059665558187,
    1.468344483477004,
    1.468297778291905,
    1.4682495644752016,
    1.4681635816046532,
    1.4680663418262563,
    1.4680506670728644,
    1.468058163054446,
    1.4679724713589282,
    1.4679995019385155,
    1.4678671380306811,
    1.4678579284789715,
    1.4678367650255244,
    1.4678098282915482,
    1.467784026835827,
    1.467750914046105,
    1.4676963390188014,
    1.4676364492862783,
    1.4676867687955815,
    1.4675772636494737,
    1.4675959480569718,
    1.4675250616479427,
    1.4675796803007735,
    1.4674588766503842,
    1.4674386871621963,
    1.4673799996680401,
    1.467372136420392,
    1.4673156474498992,
    1.4673232763371569,
    1.4673106792125297,
    1.4672418492905637,
    1.4672281615277554,
    1.467270546263837,
    1.4671757099476266,
    1.4671267702224406,
    1.467168301724373,
    1.4670629065087502,
    1.4670284342258535,
    1.4670855035173131,
    1.4670725781866845
  ],
  "train_acc": [
    74.06333333333333,
    91.335,
    92.79166666666667,
    93.75833333333334,
    94.46,
    94.92833333333333,
    95.47166666666666,
    95.78333333333333,
    96.06666666666666,
    96.335,
    96.55833333333334,
    96.75833333333334,
    97.025,
    97.175,
    97.34,
    97.42833333333333,
    97.54833333333333,
    97.69,
    97.805,
    97.89,
    97.97166666666666,
    98.07166666666667,
    98.13,
    98.185,
    98.24333333333334,
    98.31333333333333,
    98.365,
    98.43333333333334,
    98.45,
    98.49166666666666,
    98.52166666666666,
    98.55,
    98.58833333333334,
    98.62166666666667,
    98.62666666666667,
    98.67166666666667,
    98.685,
    98.74,
    98.725,
    98.79666666666667,
    98.78666666666666,
    98.80333333333333,
    98.84,
    98.855,
    98.86666666666666,
    98.89166666666667,
    98.91833333333334,
    98.91666666666667,
    98.94,
    98.95833333333333,
    98.95666666666666,
    98.985,
    99.01166666666667,
    99.01166666666667,
    99.015,
    99.03666666666666,
    99.05333333333333,
    99.045,
    99.07,
    99.07666666666667,
    99.07,
    99.09333333333333,
    99.09,
    99.10333333333334,
    99.10833333333333,
    99.12333333333333,
    99.11666666666666,
    99.11666666666666,
    99.14,
    99.13166666666666,
    99.145,
    99.15333333333334,
    99.15,
    99.155,
    99.15666666666667,
    99.16,
    99.165,
    99.17166666666667,
    99.18166666666667,
    99.18666666666667,
    99.17833333333333,
    99.185,
    99.195,
    99.18833333333333,
    99.225,
    99.20666666666666,
    99.20166666666667,
    99.215,
    99.22833333333334,
    99.22833333333334,
    99.22833333333334,
    99.23666666666666,
    99.22666666666667,
    99.22833333333334,
    99.23833333333333,
    99.25333333333333,
    99.25,
    99.26,
    99.25166666666667,
    99.265
  ],
  "test_acc": [
    90.15,
    92.05,
    92.86,
    93.9,
    94.07,
    94.22,
    94.58,
    94.85,
    95.05,
    95.1,
    95.42,
    95.4,
    95.51,
    95.68,
    95.86,
    95.92,
    96.03,
    96.02,
    96.0,
    96.14,
    96.32,
    96.33,
    96.33,
    96.35,
    96.46,
    96.47,
    96.55,
    96.54,
    96.65,
    96.6,
    96.52,
    96.58,
    96.72,
    96.72,
    96.67,
    96.63,
    96.74,
    96.67,
    96.85,
    96.76,
    96.79,
    96.81,
    96.75,
    96.84,
    96.84,
    96.84,
    96.87,
    96.9,
    96.86,
    96.91,
    96.94,
    96.86,
    96.98,
    96.95,
    96.85,
    96.83,
    96.97,
    97.05,
    96.97,
    96.88,
    96.98,
    97.04,
    97.04,
    96.86,
    97.04,
    97.04,
    97.04,
    96.86,
    97.07,
    96.95,
    97.0,
    96.92,
    97.0,
    97.0,
    96.88,
    97.1,
    97.01,
    96.9,
    96.95,
    97.02,
    96.97,
    96.91,
    97.08,
    96.98,
    96.98,
    97.03,
    97.04,
    97.03,
    97.06,
    97.07,
    97.11,
    97.05,
    97.04,
    97.03,
    97.04,
    97.09,
    97.05,
    97.08,
    97.01,
    97.07
  ]
}