{
  "train_loss": [
    1.584350921752605,
    1.5094086834724914,
    1.4977279282630758,
    1.4903070018646565,
    1.4853534916613964,
    1.4813932342732206,
    1.4783988861327475,
    1.4763605061997758,
    1.4741992767820966,
    1.4729025277685612,
    1.4715741101731645,
    1.4704951869680527,
    1.4693846722866626,
    1.4685581131184355,
    1.4679878488500067,
    1.4673661495776886,
    1.4670441845630078,
    1.4666522000698332,
    1.466230908353278,
    1.4660394567124386,
    1.4658087649243943,
    1.465551076544092,
    1.4653262351421599,
    1.465171928608671,
    1.4649529857838408,
    1.4647160869963625,
    1.464804167950407,
    1.4646457844592156,
    1.4645878812100024,
    1.4644902239454554,
    1.46441610772559,
    1.4644327813006461,
    1.464186849999935,
    1.4644178020193221,
    1.4643261615266192,
    1.464064547356139,
    1.4640616066912386,
    1.464261267033029,
    1.4638992426243234,
    1.4639452117554685,
    1.4638904870824612,
    1.4637652310919254,
    1.463678107870386,
    1.463738154350443,
    1.4642879257810877,
    1.46422149526312,
    1.4639491055874114,
    1.4637433838337026,
    1.463582458394639,
    1.463517944863502,
    1.4636428685898477,
    1.4636105009850036,
    1.4636907892024262,
    1.463937280025888,
    1.4638630689458645,
    1.463689023890394,
    1.4635316919773182,
    1.463425203079873,
    1.4634115883644592,
    1.4633300908068394,
    1.4633308136716803,
    1.4643591236560902,
    1.4644103486487206,
    1.4636756156353241,
    1.463325145904054,
    1.463217074820336,
    1.4631671362734855,
    1.4631672468591244,
    1.4631257488372478,
    1.4631336896977527,
    1.463111864759567,
    1.4631088312636031,
    1.4637278780024103,
    1.4656137035248127,
    1.464374421505218,
    1.4634002071745853,
    1.4631580322346789,
    1.4630890815816027,
    1.4630288900213038,
    1.4630127972744882,
    1.4630151956639392,
    1.462995381558195,
    1.4629988152930078,
    1.4630200249083498,
    1.464637995273509,
    1.4647968809655372,
    1.463501990095098,
    1.463123188627527,
    1.4629958020879867,
    1.4629591393978039,
    1.462936087364846,
    1.4629353355854116,
    1.4629192631295387,
    1.4629133117959854,
    1.4629084029096238,
    1.4629080361508309,
    1.462905737187,
    1.4629069029016697,
    1.4631378681101697,
    1.4670178073517819
  ],
  "train_acc": [
    85.76166666666667,
    93.84666666666666,
    95.19666666666667,
    96.16333333333333,
    96.8,
    97.31666666666666,
    97.755,
    98.05833333333334,
    98.32333333333334,
    98.48166666666667,
    98.65666666666667,
    98.82,
    98.97333333333333,
    99.07666666666667,
    99.15333333333334,
    99.24666666666667,
    99.315,
    99.34,
    99.40166666666667,
    99.44166666666666,
    99.44666666666667,
    99.49666666666667,
    99.51666666666667,
    99.53666666666666,
    99.55333333333333,
    99.585,
    99.58166666666666,
    99.605,
    99.61166666666666,
    99.61166666666666,
    99.64333333333333,
    99.63166666666666,
    99.66166666666666,
    99.65666666666667,
    99.65666666666667,
    99.67,
    99.67333333333333,
    99.665,
    99.68833333333333,
    99.685,
    99.69666666666667,
    99.705,
    99.70666666666666,
    99.70666666666666,
    99.68,
    99.68,
    99.69666666666667,
    99.71,
    99.70666666666666,
    99.71666666666667,
    99.72,
    99.715,
    99.71666666666667,
    99.7,
    99.71833333333333,
    99.71166666666667,
    99.72666666666667,
    99.73333333333333,
    99.73333333333333,
    99.73666666666666,
    99.74333333333334,
    99.69,
    99.67333333333333,
    99.73166666666667,
    99.75,
    99.755,
    99.755,
    99.75666666666666,
    99.75833333333334,
    99.75833333333334,
    99.76,
    99.76,
    99.72,
    99.59,
    99.70166666666667,
    99.76,
    99.77,
    99.76666666666667,
    99.77666666666667,
    99.77666666666667,
    99.77666666666667,
    99.77833333333334,
    99.77833333333334,
    99.77833333333334,
    99.64166666666667,
    99.65166666666667,
    99.75333333333333,
    99.775,
    99.78333333333333,
    99.78666666666666,
    99.78666666666666,
    99.78833333333333,
    99.79166666666667,
    99.79333333333334,
    99.79333333333334,
    99.79333333333334,
    99.79333333333334,
    99.79333333333334,
    99.78,
    99.41333333333333
  ],
  "test_acc": [
    92.92,
    94.56,
    95.35,
    95.84,
    96.23,
    96.39,
    96.7,
    96.88,
    97.02,
    97.17,
    97.19,
    97.36,
    97.21,
    97.28,
    97.37,
    97.53,
    97.46,
    97.73,
    97.68,
    97.55,
    97.58,
    97.58,
    97.69,
    97.6,
    97.61,
    97.6,
    97.58,
    97.62,
    97.56,
    97.52,
    97.63,
    97.59,
    97.61,
    97.54,
    97.75,
    97.67,
    97.53,
    97.52,
    97.56,
    97.67,
    97.66,
    97.64,
    97.69,
    97.56,
    97.55,
    97.42,
    97.38,
    97.52,
    97.53,
    97.6,
    97.23,
    97.46,
    97.51,
    97.58,
    97.47,
    97.54,
    97.65,
    97.57,
    97.77,
    97.35,
    97.54,
    97.37,
    97.3,
    97.63,
    97.55,
    97.58,
    97.62,
    97.56,
    97.56,
    97.64,
    97.67,
    97.56,
    97.36,
    97.31,
    97.51,
    97.67,
    97.75,
    97.67,
    97.74,
    97.63,
    97.62,
    97.65,
    97.76,
    97.68,
    97.13,
    97.58,
    97.55,
    97.68,
    97.67,
    97.74,
    97.69,
    97.71,
    97.64,
    97.64,
    97.62,
    97.66,
    97.65,
    97.75,
    97.17,
    97.32
  ]
}