{
  "train_loss": [
    2.3025853633880615,
    2.3025853633880615,
    2.3025853633880615,
    2.3025853633880615,
    2.3025853633880615,
    2.3025853633880615,
    2.3025853633880615,
    2.3025853633880615,
    2.3025853633880615,
    2.3025853633880615
  ],
  "train_acc": [
    9.871666666666666,
    9.871666666666666,
    9.871666666666666,
    9.871666666666666,
    9.871666666666666,
    9.871666666666666,
    9.871666666666666,
    9.871666666666666,
    9.871666666666666,
    9.871666666666666
  ],
  "test_acc": [
    9.8,
    9.8,
    9.8,
    9.8,
    9.8,
    9.8,
    9.8,
    9.8,
    9.8,
    9.8
  ]
}